id,name,slug,city,city_slug,country,address,online,delivers,franchise,product_line,short_description,tags,currency,price_range,delivery_price,delivery_price_int,estimate_min,estimate_max,rating_score,rating_count,location_lat,location_lon
67d81c0c0fbd3957432c3042,Flair,flair12,Durrës,durres,ALB,fetah bllaca,True,True,,restaurant,Experience the flavor!,"səhər yeməyi, sendviç",ALL,1,0 ALL,0,15,25,9.6,318,41.31454821,19.44789034
67ea68c972e814268bc1b8db,Gatime Tradicionale Liriada,gatime-tradicionale-liriada,Durrës,durres,ALB,"8C9X+26 Durrës, Albania",True,True,,restaurant,Cooked like home!,"Aralıq dənizi, avropa",ALL,1,0 ALL,0,15,25,9.2,458,41.3175625,19.4480625
67c192f6ab4a017de3accf33,Erso Fast Food,erso-fast-food,Durrës,durres,ALB,"Rruga Aleksander Goga 6, Durrës, Albania",True,True,,restaurant,Fast food of your choice!,"souvlaki, burger",ALL,1,0 ALL,0,20,30,8.6,312,41.324157,19.44543783
67b647559070a14a888ab6f4,Pizzemporio,pizzemporio,Durrës,durres,ALB,"Rruga Aleksander Goga,Durres",True,True,,restaurant,Pizza is the answer!,"pizza, sendviç",ALL,1,0 ALL,0,15,25,9.0,206,41.31811419,19.44518791
692eee0a6f32d6dcf16e0d87,Burger King Durrës,burger-king-durres,Durrës,durres,ALB,8C6Q+4HP,True,True,,restaurant,Have it your way!,"burger, stritfud, amerikan",ALL,2,0 ALL,0,30,40,8.0,823,41.310475039251116,19.439298967490345
67f825ba3474ba241e89b454,Fast Food 1 Maji,fast-food-1-maji,Durrës,durres,ALB," Rruga Kasem Durresi, Durrës, Albania",True,True,,restaurant,Fast and tasty!,"sendviç, burger",ALL,2,0 ALL,0,15,25,9.2,178,41.31873368,19.44791405
67bc6ea4c3247366375f24d5,Yogurteria Durrës,yoguteria-durres,Durrës,durres,ALB,"Lagja nr.1, Shetitorja Taulantia",True,True,,restaurant,Life is short but certainly sweet!,"dondurma, blinçik",ALL,2,0 ALL,0,25,35,9.0,257,41.31018903,19.43966725
67c713771fe30e712a87a679,Fast Food Durrësi,fast-food-durrsi,Durrës,durres,ALB,"Rruga e  Dëshmorëve ,Durres",True,True,,restaurant,All gyros you can eat!,"pitə, şaurma",ALL,1,0 ALL,0,15,25,8.8,104,41.31834614,19.45025008
684bf52976484b5f23e540f6,Fast Food Lekli 2000,fast-food-lekli-2000,Durrës,durres,ALB,"Rruga e Dëshmorëve, Durrës, Albania",True,True,,restaurant,"Quick bites, big delights!","barbekü, stritfud",ALL,1,0 ALL,0,15,25,8.8,81,41.31881752,19.44777298
67b64b456aab3a230f6a7b5d,Likos Burgers Durrës,likos-burgers-dr,Durrës,durres,ALB,"8F5P+HR2, Durrës, Albania",True,True,,restaurant,"Flavor-packed burgers, crafted just for you!","burger, sendviç, stritfud",ALL,2,0 ALL,0,20,30,9.0,487,41.30886393,19.48711613
689ef69733c74fb7e6f57a4f,Gatime Tradicionale Tradita ne Saç,gatime-tradicionale-tradita-ne-sa,Durrës,durres,ALB,"Rruga Vellazerimi, Durrës, Albania",True,True,,restaurant,Authentic flavors!,sağlam,ALL,1,0 ALL,0,30,40,9.0,89,41.33231935,19.47471063
68c3d46cf0cdf8abe5ec9302,Ratatouille Catering,ratatouille-catering,Durrës,durres,ALB,"Rruga Andon Naçi, Durrës, Albania",True,True,,restaurant,Fresh Mediterranean flavors for every occasion!,Aralıq dənizi,ALL,2,0 ALL,0,20,30,9.2,49,41.32013758591478,19.44705302655717
6825ad70f17c24a6dcf3b412,Fast Food Greece,fast-food-greece,Durrës,durres,ALB,"Rruga Adria, Durrës, Albania",True,True,,restaurant,"Fast, tasty, just for you!","stritfud, burger",ALL,1,0 ALL,0,20,30,8.6,121,41.31861681,19.45257846
68e678425f3076c7a14fc9cd,Greek Souflaki Gyros Durres,greek-souflakidurres-rruga-egnatia,Durrës,durres,ALB,"Rruga Egnatia,Durres",True,True,,restaurant,Quality food every day!,"halal, souvlaki, stritfud",ALL,2,0 ALL,0,15,25,9.0,122,41.317005029045305,19.451510412421385
67c0e0f130dad84052d56cc9,Fast Food Gatime Tradicionale Euro Dream,fast-food-gatime-tradicionale-euro-dream,Durrës,durres,ALB,8F99+56F Durrës,True,True,,restaurant,Unwrap happiness!,"souvlaki, stritfud, burger",ALL,2,0 ALL,0,20,30,9.4,132,41.31774899,19.46798989
682ae94b75557d812c330251,Byrektore Roxh,byrektore-roxhi,Durrës,durres,ALB,"8FF2+Q7W stadiumi niko dovana, Durrës, Albania",True,True,,restaurant,Baked with love!,"un məmulatları, homemade",ALL,1,0 ALL,0,15,25,9.2,36,41.32458115,19.45049858
67ced59d143e3204af5b11d2,Pasticeri Ishulli,pasticeri-ishulli,Durrës,durres,ALB,Rruga e Deshmoreve,True,True,,restaurant,"Eat crepes, be happy!","blinçik, desert",ALL,2,0 ALL,0,20,30,9.4,63,41.31820623,19.45745174
67ea639051542a1420567452,Tradita ne Saç,tradita-ne-sa,Durrës,durres,ALB,"Rruga Vellazerimi, Durrës, Albania",True,True,,restaurant,Taste of Tradition!,homemade,ALL,1,0 ALL,0,30,40,8.2,34,41.3327262,19.47501736
6863984c6212e069dc0206c3,Guru Snack Bar,guru-snack-bar,Durrës,durres,ALB,"8C9W+J8 Durrës, Albania",True,True,,restaurant,Your go-to spot for snacks!,"blinçik, sendviç",ALL,1,0 ALL,0,25,35,8.6,109,41.3190625,19.4458125
6874b33a8baebed17f78c7cb,2 Kitarrat,2-kitarrat,Durrës,durres,ALB,"Rruga Taulantia, Durrës, Albania",True,True,,restaurant,Flavors from the deep!,"balıq, dəniz məhsulları",ALL,2,0 ALL,0,25,35,9.6,28,41.31598185,19.43282659
67e475b0aefa8c3bf88ca065,Pastiçeri Futura,pasticeri-futura,Durrës,durres,ALB,"Rruga Aleksander Goga, Durrës, Albania",True,True,,restaurant,Sweetest treat!,"tort, desert",ALL,1,0 ALL,0,20,30,7.2,18,41.33435866,19.44548652
686e343f1dfe5a3f76502594,Pizza Vintage,pizza-vintage,Durrës,durres,ALB," Rruga e Deshmoreve, Durrës, Albania",True,True,,restaurant,Baked to bring smiles!,pizza,ALL,1,0 ALL,0,15,25,8.6,22,41.31864615,19.44587484
6852748f8ed5ce7ebcb5b9b5,Adi's Street Food,adis-street-food,Durrës,durres,ALB,"Rruga Taulantia, Durrës, Albania",True,True,,restaurant,Made with care!,"sendviç, səhər yeməyi",ALL,1,0 ALL,0,35,45,8.0,30,41.31139985,19.43820503
6830404f6ea45d2ccd7e77af,Yes Us Restaurant,yes-us-restaurant,Durrës,durres,ALB,8F4Q+WV,True,True,,restaurant,Ultimate choice!,"balıq, salat",ALL,1,0 ALL,0,30,40,9.0,79,41.3073125,19.4896875
67ac6ba8e5cc983cdd8cb85c,Papa's Bakery and Sweets,papas-bakery-and-sweets,Durrës,durres,ALB,"Lagja 11,Rruga Deshmoret e Kombit,Durrres",True,True,,restaurant,There's always room for dessert!,"un məmulatları, soft drinks",ALL,1,0 ALL,0,20,30,9.6,31,41.31831743,19.45197646
67ae5a9bf1b2bd4e5e5cb87e,Te Ibro,te-ibro,Durrës,durres,ALB,"Rruga Aleksander Goga,Durres",True,True,,restaurant,Sweetest moments!,desert,ALL,1,0 ALL,0,20,30,8.6,32,41.31936933,19.44525744
6808a4d9efdf1dabb1f16200,Lofi Ice Cream,lofi-ice-cream,Durrës,durres,ALB,"Rruga Grigor Durrsaku, Durrës, Albania",True,True,,restaurant,Enjoy your favorite ice cream flavors!,"dondurma, sendviç",ALL,2,0 ALL,0,20,30,9.6,13,41.3126626,19.44737756
67d1e975343c95480b38fab7,Gatime Tradicionale Angolo 2,gatime-tradicionale-angolo-2,Durrës,durres,ALB,"8F4R+Q7R, Rruga Pavaresia, Durrës, Albania",True,True,,restaurant,A tradition that continues!,sağlam,ALL,1,0 ALL,0,30,40,7.6,18,41.30698718,19.49088331
69256b44c60c4a0fb3945aab,AT29,at29,Durrës,durres,ALB,8FG4+77 Durrës,True,True,,restaurant,Serving familiar flavors where the grill meets the dough!,"qril, pizza, sendviç",ALL,2,0 ALL,0,20,30,8.8,12,41.3256875,19.4556875
686394da68813c0fa513534d,Enles Restaurant,elens-restaurant,Durrës,durres,ALB,8F7H+379 Durrës,True,True,,restaurant,"More than just a meal, it’s an experience!","səhər yeməyi, pinsa",ALL,2,0 ALL,0,30,40,9.0,44,41.3126625,19.4782344
683eccee43c8b58e360945de,Çollaku Pastry,ollaku-pastry,Durrës,durres,ALB,"Rruga Fetah Bllaca, Durrës, Albania",True,True,,restaurant,Freshness that sweetens your day!,"un məmulatları, şirniyyatlar",ALL,1,0 ALL,0,20,30,9.6,28,41.3143771,19.4484052
67ef9752309bf8991f29f168,Fluctus Restaurant,fluctus-restaurant,Durrës,durres,ALB,"Rruga Pavaresia, Durrës, Albania",True,True,,restaurant,By the sea!,"pasta, salat, italyan",ALL,1,0 ALL,0,30,40,8.4,42,41.30588888,19.48975407
67fe1c74f5f78a50c5c81401,Sea Food Stop,sea-food-stop,Durrës,durres,ALB," Rruga Aleksander Goga, Durrës, Albania",True,True,,restaurant,When the Sea meet the Client!,"balıq, dəniz məhsulları, pasta",ALL,2,0 ALL,0,20,30,9.0,21,41.32771065,19.44537744
67f3b651a1e617693d902ed5,Paticeri Vittoria Durres,paticeri-vittoria-durres,Durrës,durres,ALB,Rruga Grigor Durrsaku,True,True,,restaurant,"Sweet elegance, delivered!",desert,ALL,2,0 ALL,0,20,30,9.4,18,41.31258462,19.44739845
6891f1ab1a11ebdb931107f4,Delicious Food,delicious-food-1,Durrës,durres,ALB,"Rruga Egnatia, Durrës, Albania",True,True,,restaurant,Hunger Doesn’t Wait!,"sağlam, dəniz məhsulları, pasta",ALL,2,0 ALL,0,25,35,9.2,14,41.31260975,19.45038527
6848734441b56981ba1a07a4,The Rust,the-rust,Durrës,durres,ALB,"Rruga Aleksander Goga, Durrës, Albania",True,True,,restaurant,An authentic experience!,"kokteyl, italyan",ALL,1,0 ALL,0,30,40,,,41.31572345135908,19.445266637356553
6908aee5c1801fbf9df53f43,Matcha Boba,matcha-boba,Durrës,durres,ALB,"8F83+WH, Rruga Iljaz Reka, Durrës 2001, Albania",True,True,,restaurant,"Drink well, live well!",çay,ALL,2,0 ALL,0,20,30,8.0,13,41.317357,19.4535351
67f820a183d0322d75e67263,Fast Food Merakliu,fast-food-merakliu,Durrës,durres,ALB," Rruga Aleksander Goga, Durrës, Albania",True,True,,restaurant,A balanced diet is a souvlaki in each hand!,"souvlaki, stritfud",ALL,2,0 ALL,0,25,35,8.4,26,41.34127565,19.44310032
68e917c7729ace229cd135b2,Pizzeri Roma,pizzeri-roma,Durrës,durres,ALB,8F82+F46,True,True,,restaurant,Pizza straight from Roma to you!,"italyan, pizza, stritfud",ALL,2,0 ALL,0,15,25,8.6,12,41.316082132231884,19.45032900906554
68c93f1d4030777bbd4ef8e7,Snack & Sports Hall Grejs,snack-sports-hall-grejs,Durrës,durres,ALB,"Vollga Durrës, Durrës, Albania",True,True,,restaurant,"Quick bites, fresh and tasty!","burger, salat",ALL,1,0 ALL,0,30,40,8.8,17,41.3115668948619,19.438018142432355
68fb688b1c27d8ffe3b0cd38,Piceri Lila's,piceri-lilas,Durrës,durres,ALB,"Rruga Aleksander Goga,Durres",True,True,,restaurant,A slice of happiness!,"pizza, sendviç",ALL,1,0 ALL,0,30,40,,,41.32120787686992,19.445151410524716
68d3f9c368031af10cd9bda6,Omega Bites,omega-bites,Durrës,durres,ALB,8F6Q+6M5 Durrës,True,True,,restaurant,Traditional flavors for every day!,,ALL,1,0 ALL,0,30,40,,,41.3105125,19.4892344
68cd663905266f5844c0865d,Pizzeri Midway,pizzeri-midway,Durrës,durres,ALB," Rruga Orion, Durrës, Albania",True,True,,restaurant,"Pizza, the circle of happiness!","pizza, sendviç",ALL,1,0 ALL,0,45,55,9.2,50,41.29319026283923,19.511819171580925
67bd986c5264ff73a3196ea7,Pastiçeri Piccolo Mondo,pastieri-piccolo-mondo,Durrës,durres,ALB,"Rruga Pavaresia 13, Durrës, Albania",True,True,,restaurant,Life is sweeter with us!,"şirniyyatlar, soft drinks",ALL,2,0 ALL,0,25,35,7.8,10,41.31422224,19.47580819
6907dd4509a70d34614dcbc8,Landi Restorant Tradicional,landi-restorant-tradicional,Durrës,durres,ALB,"8C6X+MQ Durrës, Albania",True,True,,restaurant,Tradition in every bite!,salat,ALL,2,0 ALL,0,20,30,,,41.3116875,19.4494375
68a593acb739e078c631370b,Pasticeri Bonjour,pasticeri-bonjour,Durrës,durres,ALB,"Rruga Egnatia, Durrës, Albania",True,True,,restaurant,Sweet moments!,"tort, dondurma, şirniyyatlar",ALL,2,0 ALL,0,20,30,,,41.31345564,19.44673501
68c3d825f0cdf8abe5ec9309,Tradicionale Rei,vushtria-rei-restaurant,Durrës,durres,ALB,8F6M+727 Durrës,True,True,,restaurant,"Freshly cooked, always loved!","pasta, dəniz məhsulları, qril",ALL,1,0 ALL,0,30,40,9.2,10,41.3106625,19.4825469
680f40a989dfa3069c0ae4a3,Sufllaqe Produkte Zgare Rion,sufllaqe-produkte-zgare-rion,Durrës,durres,ALB,"Rruga Shkembi i Kavajes, Durrës, Albania",True,True,,restaurant,"Hot pizza, cool city!","pizza, sendviç, burger",ALL,2,0 ALL,0,40,50,7.8,20,41.29259763,19.50932921
67b65a8e9070a14a888ab6f9,Pasticeri Likos,pasticeri-likos,Durrës,durres,ALB,"8F5P+FV8, Durrës, Albania",True,True,,restaurant,Sweets that melt hearts!,"desert, tort, şirniyyatlar",ALL,2,0 ALL,0,45,55,8.2,16,41.30878122,19.48723357
68010c71c0e71e96a59d1898,Pizzeri Venezia,pizzeri-venezia,Durrës,durres,ALB,"7GM7+H3 Durrës, Albania",True,True,,restaurant,It all starts with a pizza!,"pizza, sendviç",ALL,1,0 ALL,0,50,60,,,41.28414027,19.51219559
68fb6c6f1c27d8ffe3b0cd3c,Cosmo Restaurant,cosmo-restaurant,Durrës,durres,ALB,"8F89+2V Durrës, Albania",True,True,,restaurant,Where the sea meets flavor!,"pasta, dəniz məhsulları, pizza",ALL,2,0 ALL,0,30,40,,,41.3150625,19.4696875
6910f655d9ab86c9823c5866,Kodra Fish Catering,kodra-fish-catering,Durrës,durres,ALB,Rruga Neki Libohova,True,True,,restaurant,Your Fresh Fish Source!,balıq,ALL,2,0 ALL,0,20,30,,,41.31985775141658,19.45407781486307
68f739a00ebdf156f94a3aaa,Pasticeri Likos 2,pasticeri-likos-2,Durrës,durres,ALB,"8F6J+Q5G, Durrës, Albania",True,True,,restaurant,Sweets that melt hearts!,"şirniyyatlar, un məmulatları",ALL,2,0 ALL,0,25,35,8.6,11,41.31200089149439,19.480386260594514
6942e0ef95b95748bcc66d55,Golden Heaven,golden-heaven,Durrës,durres,ALB,"Durres Durres Nr. Pasurie 30/268-N3 Durrës, Lagjja Nr. 18, Z.Kadastrale nr. 8511,",True,True,,restaurant,The home of good pizzas!,"pizza, sendviç",ALL,2,0 ALL,0,25,35,,,41.32803895712408,19.451165884416298
67bc74e193f507609e44dce0,KFC Durrës,kfc-durres,Durrës,durres,ALB,Durres,False,False,,restaurant,It's Finger Licking Good!,"barbekü, stritfud, burger",ALL,2,0 ALL,0,,,8.8,1498,41.30896905,19.4462729
67cbf26f6d8ab673b0891a37,Tarantella,tarantella01,Durrës,durres,ALB,8F72+672,False,False,,restaurant,Creative cooking!,"pizza, sendviç, salat",ALL,2,0 ALL,0,,,9.0,436,41.31309108,19.45032765
6832e1520a61b43f260c5652,Il Maestro Pizzeri,il-maestro-pizzeri,Durrës,durres,ALB,"8C8V+PX Durrës, Albania",False,False,,restaurant,Flavor you’ll applaud!,"pizza, sendviç, italyan",ALL,2,0 ALL,0,,,8.4,147,41.3168125,19.4449375
67b5b8e37d5b202bc705490b,Peshk i Freskët Braçja Katering,peshk-i-freskt-braja-katering,Durrës,durres,ALB,Rruga Aleksandër Goga,False,False,,restaurant,Where every plate is a work of art!,"salat, dəniz məhsulları, balıq",ALL,2,0 ALL,0,,,8.8,39,41.3152548,19.44527715
67d1de626d6c99530b044217,Pizzeria Ristorante Odeon,pizzeria-ristorante-odeon,Durrës,durres,ALB,sheshi iliria,False,False,,restaurant,"Authentic flavors, delivered to your door","pizza, dəniz məhsulları, pasta",ALL,2,0 ALL,0,,,9.2,95,41.31440165,19.44581595
67d30a63e0a164519fdb98ae,4 Stinet,4-stinet-1,Durrës,durres,ALB,8C6P+7J,False,False,,restaurant,A taste that inspires!,"pizza, dəniz məhsulları, balıq",ALL,2,0 ALL,0,,,8.8,97,41.3107519,19.43662494
67a272817e082e6d8502ef54,UMA Food and Drinks,uma-food-and-drinks,Durrës,durres,ALB,"Rruga Taulantia,Durres",False,False,,restaurant,Simple & delicious!,"suşi, pasta, pizza",ALL,2,0 ALL,0,,,8.4,173,41.31203698,19.43663792
68487b9a41b56981ba1a07aa,Il Marinaio,il-marinaio-1,Durrës,durres,ALB,"Rruga Abaz Çelkupa, Durrës, Albania",False,False,,restaurant,Delicious food for every day!,"salat, dəniz məhsulları, balıq",ALL,2,0 ALL,0,,,9.0,79,41.31893732,19.4531899
67fc08349955e1c05138723f,Piceri Furrë Druri Klard,piceri-furre-druri-klard,Durrës,durres,ALB,"Rruga Mbreti Pirro, Durrës, Albania",False,False,,restaurant,"Authentic flavors, cozy atmosphere!","pizza, sendviç",ALL,2,0 ALL,0,,,8.4,24,41.33104401,19.45190989
67c5f7b3a04cd0654de3c2b0,Ciao Bar 2 Restaurant & Pizzeri,ciao-bar-2-restaurant-pizzeri,Durrës,durres,ALB,"Rruga Dalip Peza,Durres",False,False,,restaurant,Where fresh meets delicius!,"pizza, sendviç, pasta",ALL,2,0 ALL,0,,,9.0,101,41.31849127,19.45812983
6899eaeda56834841a9a856c,Food 11 by Timi,food-11-by-timi,Durrës,durres,ALB,"Rruga e Dëshmorëve, Durrës, Albania",False,False,,restaurant,"Crispy, juicy, saucy, say no more!","stritfud, burger",ALL,2,0 ALL,0,,,8.8,153,41.31845348,19.44903699
67e31f4547f9852d81d6872b,Soam Fast Food,soam-fast-food,Durrës,durres,ALB,"Rruga Hafiz Podgorica, Durrës, Albania",False,False,,restaurant,Fast & Tasty!,"pizza, sendviç, yunan",ALL,1,0 ALL,0,,,8.2,35,41.31728428,19.44933521
67c090618e7d411df8b1ddea,Sapori D'Italia,sapori-ditaliadr,Durrës,durres,ALB,"Rruga Taulantia,Durres",False,False,,restaurant,A bite of happiness!,"pasta, dəniz məhsulları, balıq",ALL,2,0 ALL,0,,,9.0,118,41.3129885,19.4342738
67c1e01c8d7f3112ecf0d43a,Restaurant Pizzeri Rildo,restaurant-pizzeri-rildo,Durrës,durres,ALB,"Rruga Hajdar Demiri, Durres",False,False,,restaurant,Traditional homemade dishes!,"balıq, Aralıq dənizi, pizza",ALL,2,0 ALL,0,,,9.4,20,41.32375996,19.44257912
67a4a0b60cae070858d4cc49,Malredo Pizza & More,malrebo-pizza-more,Durrës,durres,ALB,"Sfinksi,Rruga Taulantia,Durres",False,False,,restaurant,Taste that stays with you!,"pizza, stritfud, sendviç",ALL,2,0 ALL,0,,,8.4,13,41.31130447,19.43525238
67b5c3ebc49ac90920d65afa,Chapo's Burger,chapos-burger,Durrës,durres,ALB,8F7H+5Q,False,False,,restaurant,Taste that stays with you!,"burger, stritfud, qəlyanaltılar",ALL,2,0 ALL,0,,,7.2,74,41.31297174,19.4790687
67c1fc7e8d7f3112ecf0d447,Pizzeri Enea,pizzeri-enea,Durrës,durres,ALB,"Rruga Dalip Peza,Durres",False,False,,restaurant,"Cooked with love, enjoyed with passion!","pizza, sendviç, soft drinks",ALL,2,0 ALL,0,,,9.6,176,41.31873217,19.45645346
680f9560a5f4437fea183620,Sapore Di Mare,sapore-di-mare1,Durrës,durres,ALB,"7G8C+X3 Golem, Albania",False,False,,restaurant,"A taste of the sea, refined!","pasta, dəniz məhsulları, pizza",ALL,3,0 ALL,0,,,9.2,173,41.2674375,19.5201875
680210c03d065ef3bad62905,Ardèn Restaurant,ardn-restaurant,Durrës,durres,ALB,"Rruga Taulantia, Durrës, Albania",False,False,,restaurant,By the earth and the sea!,"pasta, pizza, salat",ALL,1,0 ALL,0,,,9.6,35,41.31180734,19.43579813
67d82db168f6184ee60b6345,Pizzeri Peza,pizzeri-peza,Durrës,durres,ALB,"Lagja 18,Durres",False,False,,restaurant,"Hot pizza, fresh flavor!","pizza, sendviç",ALL,2,0 ALL,0,,,7.0,10,41.32781372,19.45130615
6895a6db8c022f3aec278211,Pizzeria Miele,pizzeria-miele,Durrës,durres,ALB,"Rruga e Dëshmorëve, Durrës, Albania",False,False,,restaurant,Pizza plans? We got you covered!,"pizza, sendviç",ALL,2,0 ALL,0,,,9.4,49,41.31880367,19.44712246
68dcdcba41476e130ad9ba9a,Pastamania,pastamania25,Durrës,durres,ALB,"8C7W+27 Durrës, Albania",False,False,,restaurant,Authentic Italian dining for every moment!,"pasta, salat, italyan",ALL,2,0 ALL,0,,,7.8,41,41.3125625,19.4456875
68fb6c6f1c27d8ffe3b0cd3b,Sushi Time,sushi-time01,Durrës,durres,ALB,8C6Q+73 Durrës,False,False,,restaurant,Roll with the flavor!,"asiya, suşi, dəniz məhsulları",ALL,2,0 ALL,0,,,8.6,16,41.3106875,19.4376875
67b7718d09355c7a872bd8ba,Armenian Dominant Food,armenian-dominant-food,Durrës,durres,ALB,Rruga Pavarësia Durrës,False,False,,restaurant,More than a meal!,"stritfud, qril",ALL,2,0 ALL,0,,,9.4,90,41.30203031,19.49850229
691f17fe5a0414b717eaa55b,Pizzeria Terra Cota Napoli,pizzeria-terra-cota-napoli,Durrës,durres,ALB,8CHX+FG Durrës,False,False,,restaurant,"Your slice, your moment!","Aralıq dənizi, pizza",ALL,1,0 ALL,0,,,9.0,38,41.3286875,19.4488125
6942db40bffe91c6c5d83a7d,ArtePasta,artepasta,Durrës,durres,ALB,"Bulevardi Dyrrah, Durrës 2001, Albania",False,False,,restaurant,The taste of tradition in every bite!,"italyan, pasta",ALL,2,0 ALL,0,,,9.2,39,41.315568440454825,19.447631927968644
690b3c030cdcf18b76fed2f7,Pizza Napoli,pizza-napoli-11,Durrës,durres,ALB,"Rruga Egnatia, Rruga Egnatia, Durrës, Albania",False,False,,restaurant,Taste the heart of naples!,"pizza, stritfud, sendviç",ALL,2,0 ALL,0,,,8.6,17,41.30964470775922,19.446867182654785
67ea6e17aabc07baeb1bd218,Artur Restorant,artur-restorant,Durrës,durres,ALB,"Rruga Taulantia, Durrës, Albania",False,False,,restaurant,"Taste the sea, taste life!","balıq, dəniz məhsulları, pasta",ALL,2,0 ALL,0,,,8.4,12,41.31089107,19.43636088
686fbed806ae6d514ba594a8,Rumar Restaurant,rumar-restaurant,Durrës,durres,ALB,"Shkëmbi i Kavajës, Durrës, Albania",False,False,,restaurant,Fresh and fast to you!,"pasta, dəniz məhsulları",ALL,2,0 ALL,0,,,8.6,46,41.28389432,19.51120823
67ecfb753023e0e3d2186d21,The Wall,the-wall,Durrës,durres,ALB,"Rruga Grigor Durrsaku, Durrës, Albania",False,False,,restaurant,Satisfy your cravings!,burger,ALL,1,0 ALL,0,,,8.4,28,41.31272965,19.44711529
69032aed9a482ceb683dacda,Mema House,mema-house,Durrës,durres,ALB,"8C6R+9GH, Rruga Taulantia, Durrës, Albania",False,False,,restaurant,Traditional flavors!,Aralıq dənizi,ALL,2,0 ALL,0,,,9.2,16,41.3107148,19.4404016
681dba54cdfb982dac0a41cf,Restaurant Gerti,restaurant-gerti,Durrës,durres,ALB,"7GJ6+GX Durrës, Albania",False,False,,restaurant,A taste of tradition with a modern twist!,"balıq, suşi, dəniz məhsulları",ALL,2,0 ALL,0,,,8.4,23,41.28133901,19.51250013
67ecffa13023e0e3d2186d29,Otantik Turkish Restaurant & Bistro,otantik-restaurant,Durrës,durres,ALB," Durres, Rruga Pavaresia, Durrës, Albania",False,False,,restaurant,True taste of tradition!,"Aralıq dənizi, avropa",ALL,2,0 ALL,0,,,8.4,50,41.30640775,19.49220424
68527a84307285bb82ff5f1c,Pizza Max,pizza-maxdr,Durrës,durres,ALB,"Rruga Drenica, Durrës, Albania",False,False,,restaurant,A slice is never enough!,"pizza, sendviç",ALL,2,0 ALL,0,,,8.8,15,41.31988416,19.46345045
67c187258e7d411df8b1de30,Dyrrah Mare Restaurant,dyrrah-mare-restaurant,Durrës,durres,ALB,"Rruga Venecia, Durrës, Albania",False,False,,restaurant,Food paradise on a plate!,"pasta, dəniz məhsulları, pizza",ALL,2,0 ALL,0,,,9.2,25,41.30392442,19.49250059
69130dfaa840506fef73be69,Eljo's Pizza,eljos-pizza,Durrës,durres,ALB,"Rruga Egnatia,Durres",False,False,,restaurant,"Fresh, tasty pizzas made with passion!","italyan, pizza",ALL,2,0 ALL,0,,,,,41.311911626095736,19.449074679227635
690b0dc991b772880e3037f4,Restaurant Ambasador,restaurant-ambasador,Durrës,durres,ALB,"Bulevardi Dyrrah, Durrës 2001, Albania",False,False,,restaurant,"Fresh from the sea, straight to your plate!","balıq, dəniz məhsulları, pasta",ALL,2,0 ALL,0,,,,,41.3180659,19.4498621
68e67575c05cae9359a4e2f9,Trattoria Casa Mia,trattoria-casa-mia,Durrës,durres,ALB,"8C7W+XJ Durrës, Albania",False,False,,restaurant,Where every meal feels like home!,"pasta, pizza, italyan",ALL,2,0 ALL,0,,,8.0,10,41.3149375,19.4465625
6932eed1d662d40eecceaeec,Sasso Bianco Restorante,saso-bianco-restorante,Durrës,durres,ALB,"Durres Str. Plazh/13 Entrance 1, Pasuria Me Nr.58/341/nd-2, Zk 8518",False,False,,restaurant,Fresh & Tasty Meals!,"balıq, salat, şorba",ALL,2,0 ALL,0,,,,,41.27978628,19.51342367
6848773141b56981ba1a07a7,Al' Oeste De Amr,al-oeste-de-amr,Durrës,durres,ALB,"Rruga Shkembi i Kavajes, Durrës, Albania",False,False,,restaurant,Seaside dining blending tradition and taste,"Aralıq dənizi, dəniz məhsulları, italyan",ALL,2,0 ALL,0,,,8.2,11,41.27839296,19.5141358
6916f14b7e635de25bb4b63d,Amya,amya,Durrës,durres,ALB,"8C6V+96 Durrës, Albania",False,False,,restaurant,Taste of Asia to satisfy your cravings!,"əriştə, suşi, Sashimi",ALL,2,0 ALL,0,,,9.0,17,41.31093750000001,19.4430625
67e1d08729d4e0f99f46f793,Aragosta Restaurant,aragosta-restaurant,Durrës,durres,ALB,"Rruga Taulantia, Durrës, Albania",False,False,,restaurant,From shore to your door!,"pasta, dəniz məhsulları",ALL,2,0 ALL,0,,,,,41.31227042,19.4341652
68cc169bb7feb77d13f9e54f,Sulltan Kebap & Pizza,sulltan-kebap-pizza,Durrës,durres,ALB,"8F4Q+FJ Durrës, Albania",False,False,,restaurant,Delicious kebap and pizza combo!,"kabab, pizza",ALL,2,0 ALL,0,,,,,41.3061875,19.4890625
680f4db560c903c256b5e73c,Bamboo By Chef Tony,bamboo-by-chef-tony,Durrës,durres,ALB," Rruga Ahmet Dakli, Durrës, Albania",False,False,,restaurant,"Unique cuisine, lasting memories!","hamburger, pasta, balıq",ALL,2,0 ALL,0,,,,,41.27624798,19.51538636
6874af8c30396e8cc4a06fdd,Çela Park,ela-park,Durrës,durres,ALB,8F4Q+V55 Durrës,False,False,,restaurant,Delicious bites in a green escape!,"Aralıq dənizi, pizza",ALL,2,0 ALL,0,,,,,41.3071375,19.4879844
685518ba0b8723a205b8cde5,Restaurant Arvi,restaurant-arvi,Durrës,durres,ALB,"8C6V+66 Durrës, Albania",False,False,,restaurant,Where taste meets elegance!,"balıq, Aralıq dənizi",ALL,2,0 ALL,0,,,,,41.3105625,19.4430625
68415580cbeb0b7deda5ca7c,Kodra e Kuajve,kodra-e-kuajve,Durrës,durres,ALB,"Rruga Plepave, Durrës, Albania",False,False,,restaurant,"Authentic flavours, timeless traditions",Aralıq dənizi,ALL,1,0 ALL,0,,,,,41.27708755448833,19.523743466283776
69256ec6c60c4a0fb3945b5b,Belvedere Restaurant,belvedere-restaurant,Durrës,durres,ALB,"Rruga Taulantia, Durrës, Albania",False,False,,restaurant,Fresh flavors from the sea!,"balıq, dəniz məhsulları, pasta",ALL,2,0 ALL,0,,,,,41.3107109081339,19.436972164431864
693c4408a30dc87105c6a300,Fast Food Piceri Viking,fast-food-piceri-viking,Durrës,durres,ALB,"Str. Shkembi I Kavajes, Plepa Durres, Cadastral Area Nr.8518",False,False,,restaurant,"Good food, good mood!","stritfud, sendviç",ALL,2,0 ALL,0,,,,,41.29205244346227,19.50883866754836
67cb011cfe68d3729288d301,Ventus Harbor,ventus-harbor,Durrës,durres,ALB,"Vollga,Durres",False,False,,restaurant,Taste the sea!,"balıq, pasta",ALL,1,0 ALL,0,,,,,41.3087,19.4391
68f645fe6e187bd9b20e7cea,Terra Mare Restaurant,terra-mare-restaurant,Durrës,durres,ALB,"8FFJ+48 Durrës, Albania",False,False,,restaurant,Born from the sea!,"balıq, dəniz məhsulları, pasta",ALL,2,0 ALL,0,,,,,41.3228125,19.4808125
68527780858e5d056d653a1e,Hersol Cuisine,hersol-cuisine,Durrës,durres,ALB,"Rruga Kasem Durresi, Durrës, Albania",False,False,,restaurant,Fresh flavors from the Mediterranean coast,"burger, pasta, Aralıq dənizi",ALL,1,0 ALL,0,,,,,41.32157524,19.44820925
691f1b76917e642f1c58a6f9,Saly Restorante,saly-restorante,Durrës,durres,ALB,District Nr. 13 Plazh Objekt Me Nr. Pasurie 10/118 Dhe Cadastral Area 8518,False,False,,restaurant,Sea flavor in every bite!,"balıq, Aralıq dənizi, pasta",ALL,2,0 ALL,0,,,,,41.31148444115817,19.480989899565827
687a0c4973ab07a13ed2a592,Zena Seaside,zena-seaside,Durrës,durres,ALB,"7GF8+J8 Durrës, Albania",False,False,,restaurant,Seaside taste!,"pasta, dəniz məhsulları, Aralıq dənizi",ALL,2,0 ALL,0,,,,,41.2740625,19.5158125
690dd9f317dc30ffff3cbfc2,DZ Restaurant & Coffee,dz-restaurant-coffee,Durrës,durres,ALB,"Rruga Kristaq Rama,Durres",False,False,,restaurant,"Pjata mesdhetare, të gatuara me kujdes!","balıq, Aralıq dənizi, pasta",ALL,2,0 ALL,0,,,,,41.32277658859098,19.44662473086055
685272aa7617076f1df40a6d,AMH Restaurant,amh-restaurant,Durrës,durres,ALB,"8F4R+Q3X, Durrës, Albania",False,False,,restaurant,Where flavor meets every bite!,Aralıq dənizi,ALL,2,0 ALL,0,,,,,41.3069875,19.4902344
68e37a7e4b2c1217a3a1ffac,Portside Restaurant,portside-restaurant,Durrës,durres,ALB,"Rruga Currila, Durrës, Albania",False,False,,restaurant,Main courses that make moments!,"balıq, dəniz məhsulları, pasta",ALL,2,0 ALL,0,,,,,41.32142867004174,19.430128775903086
68590f6551bf339fe9543b07,Avra Restaurant,avra-restaurant,Durrës,durres,ALB," Rruga Kompleksit, Golem, Durrës, Albania",False,False,,restaurant,"Fresh, seasonal dishes full of taste!","Aralıq dənizi, pasta",ALL,2,0 ALL,0,,,,,41.26530124,19.51959558
68c43968e09a7c615cff4489,Mol Restaurant,mol-restaurant,Durrës,durres,ALB,"8F6H+VF Durrës, Albania",False,False,,restaurant,"Fresh food, at your door!","pasta, salat",ALL,2,0 ALL,0,,,,,41.3121875,19.4786875
693c477ba30dc87105c6a304,Westwood Meat House,westwood-meat-house,Durrës,durres,ALB,"Rruga Egnatia, Durrës, Albania",False,False,,restaurant,Luxury meat directly at your house!,"qril, balıq",ALL,2,0 ALL,0,,,,,41.315574457713865,19.45024684409293
694e54a25b55a9d649549c8d,Buba's Pizza,bobas-pizza,Durrës,durres,ALB,"Str. Plazh, District 13, Hyrja -1, Nr Pasurise 60/5, Cadastral Area Nr.8518, Durres",False,False,,restaurant,A taste you'll remember!,"italyan, pizza, stritfud",ALL,2,0 ALL,0,,,,,41.31556544242537,19.448317922744536
690a0376cf7fac52053a0378,Bar Restaurant Daril,bar-restaurant-daril,Durrës,durres,ALB,Plazhi Durres,False,False,,restaurant,Taste the sea!,"pasta, dəniz məhsulları, balıq",ALL,2,0 ALL,0,,,,,41.3019573204399,19.494578681781377
696fde12356e836bccacee81,Restorant Pizzeri Dollari,restorant-pizzeri-dollari,Durrës,durres,ALB,"7G89+XW Durrës, Albania",False,False,,restaurant,You deserve great food!,"pasta, pizza, salat",ALL,2,0 ALL,0,,,,,41.2674375,19.5198125
69773032e1ce8c20fe1edbe9,Amara Restorant,amara-restorant,Durrës,durres,ALB,"8F89+2J Durrës, Albania",False,False,,restaurant,Flavour in every bite!,"balıq, Aralıq dənizi, pasta",ALL,2,0 ALL,0,,,,,41.3150625,19.4690625
697736f92de04de4985d3966,Smashy Burger By Eden,smashy-burger-by-eden,Durrës,durres,ALB,"8C7W+R6 Durrës, Albania",False,False,,restaurant,Delicious food every day!,burger,ALL,1,0 ALL,0,,,,,41.3145625,19.4455625
682c3d5c3deeba1074812282,Kimera Restaurant,kimera-restaurant,Durrës,durres,ALB,"Rruga Kalase, Durrës, Albania",False,False,,restaurant,"Color, texture & balance!","balıq, dəniz məhsulları",ALL,2,0 ALL,0,,,,,41.31138333,19.44560474
690b14e7a326799aa3f3f5d0,Gusto di Mare,gusto-di-mare01,Durrës,durres,ALB,8C6Q+73 Durrës,False,False,,restaurant,From waves to your table!,"balıq, dəniz məhsulları, pasta",ALL,2,0 ALL,0,,,,,41.3106875,19.4376875
6832ea8ce87c2b70321f59e2,Buçko Fast Food,buko-fast-food,Durrës,durres,ALB,"Rruga Hafiz Podgorica, Durrës, Albania",False,False,,restaurant,Great food!,"burger, hotdoq",ALL,2,0 ALL,0,,,9.0,229,41.31581999,19.45047509
67bdd51aed8b7e03dd479c64,Ç'të Hash,cte-hash,Durrës,durres,ALB,"Rruga Grigor Durrsaku, Durrës, Albania",False,False,,restaurant,Everything to eat!,pasta,ALL,1,0 ALL,0,,,9.4,152,41.31864738414092,19.446248709665127
684fef6ecd85742f7e080968,The Pizza King,the-pizza-king,Durrës,durres,ALB," Telat Noga statue, Rruga Kalase, Durrës, Albania",False,False,,restaurant,Love the slice!,"italyan, pizza, Aralıq dənizi",ALL,1,0 ALL,0,,,9.2,154,41.31102157,19.44622254
67c095448217466892aa97c4,Wrap it up,wrap-it-up,Durrës,durres,ALB,"Currila,Durres",False,False,,restaurant,One bite is never enough!,"burger, səhər yeməyi",ALL,2,0 ALL,0,,,9.0,99,41.31283852,19.43421139
67cefdf52c7e835f70fd5064,Hepta Grill & Coffee,hepta-grill-coffee-drr,Durrës,durres,ALB,Rruga Taulantia,False,False,,restaurant,Greek food at it's finest!,"souvlaki, stritfud, sendviç",ALL,2,0 ALL,,,,8.4,175,41.31042696,19.43940419
67b34d74736c282bd4c397c3,Gatime Tradicionale Durres,gatime-tradicionale-durres,Durrës,durres,ALB,"Rruga Aleksander Goga,Durres",False,False,,restaurant,We cook for you every day!,stritfud,ALL,2,0 ALL,0,,,9.0,49,41.3275116,19.44538696
67cedd812a01356446fd17c4,Pizzeri Gaxha Kënetë,pizzeri-gaxha-knet,Durrës,durres,ALB,"Rruga Vellazerimi 17, Durrës, Albania 8RWR+FPM ",False,False,,restaurant,Authentic italian ingredients!,"pizza, sendviç",ALL,1,0 ALL,0,,,9.2,40,41.32825436,19.46450456
6891f6040109761b7de488b6,Pizzeri Luna,pizzeri-luna,Durrës,durres,ALB,"Rruga Aleksander Goga, Durrës, Albania",False,False,,restaurant,A world of flavor in every slice!,"pizza, şaurma, sendviç",ALL,1,0 ALL,0,,,9.0,29,41.33282878,19.44534329
67c9cbf06c659379d2e5f07b,Grand Taverna Durrësi,grand-taverna-durrsi,Durrës,durres,ALB,"Rruga Myfti Kodra,Durres",False,False,,restaurant,Traditional feast!,,ALL,1,0 ALL,0,,,9.6,36,41.31659994,19.45324899
6865362465f2d56901cf6144,Fast Food Papaspiro,fast-food-papaspiro,Durrës,durres,ALB,"8C5W+W3 Durrës, Albania",False,False,,restaurant,Satisfy your cravings!,"burger, pitə",ALL,1,0 ALL,0,,,8.2,58,41.3098125,19.4451875
689efa7c118e4a31f1d18148,Pizzeri Mazrreku,pizzeri-mazrreku,Durrës,durres,ALB,"Rruga Vala e Detiti, Durrës, Albania",False,False,,restaurant,"Cheesy, crispy, craveable!","pizza, sendviç",ALL,2,0 ALL,0,,,7.6,18,41.34210786,19.47923589
6819d14ece1ab7f251952431,Pizzeri Champion,pizzeri-champion,Durrës,durres,ALB,"Rruga Pavaresia, Durrës, Albania",False,False,,restaurant,Pizza that wins every time!,"pizza, sendviç",ALL,2,0 ALL,,,,9.2,204,41.30344633,19.49649665
68cab551733173706e7f8999,Burgerstar,abi-food,Durrës,durres,ALB,"Qendër, Rruga Egnatia, Durrës, Albania",False,False,,restaurant,Fast & fresh!,"burger, halal",ALL,2,0 ALL,0,,,9.4,43,41.32212801615515,19.447759352708488
682af03d76992fa178c91709,Gatime Peshku Alb Fish,gatime-peshku-alb-fish,Durrës,durres,ALB,"8F8C+7G Durrës, Albania",False,False,,restaurant,"Fresh fish, without leaving home!","pasta, dəniz məhsulları",ALL,2,0 ALL,0,,,,,41.31573105,19.47130585
67e1d51a29d4e0f99f46f794,Taste Food,taste-food,Durrës,durres,ALB,8F6J+GP,False,False,,restaurant,Flavors you never forget!,"stritfud, sendviç",ALL,1,0 ALL,0,,,8.6,20,41.31134381,19.48179688
67c18d4030dad84052d56cfd,Fish House,fish-house-drr,Durrës,durres,ALB,"Rruga Pavaresia 13, Durrës, Albania",False,False,,restaurant,Where passion meets the sea!,"pasta, dəniz məhsulları, italyan",ALL,2,0 ALL,0,,,10.0,12,41.30927584,19.48609875
67c7719e0418db0599f065ea,Ova Food,ova-food,Durrës,durres,ALB,"Rruga Pavaresia 13, Durrës, Albania",False,False,,restaurant,Everything in one table!,"blinçik, pizza",ALL,1,0 ALL,0,,,8.2,35,41.30674876,19.48870131
67b5ad80c49ac90920d65ad9,Restaurant Pastiçeri Edart,restaurant-pastieri-edart,Durrës,durres,ALB,"8F7H+74 Durrës, Albania",False,False,,restaurant,One place a lot of flavors!,"pizza, şirniyyatlar, Aralıq dənizi",ALL,2,0 ALL,0,,,8.2,11,41.3131875,19.4778125
68fb72ef1c27d8ffe3b0cd4b,Marè by White Hill,mar-by-white-hill,Durrës,durres,ALB,"8CCJ+R4 Durrës, Albania",False,False,,restaurant,Cooked with love!,suşi,ALL,2,0 ALL,0,,,,,41.3220625,19.4303125
67c77c77f095a351ffdd8184,Korabi Fast Food,korabi-fast-food,Durrës,durres,ALB,"Rruga Palmave, Durrës, Albania",False,False,,restaurant,"Fast food, endless flavor!","kabab, pizza",ALL,2,0 ALL,,,,8.4,38,41.29969102,19.49696706
67d1f46a532ee524494e7eb8,Pizza Nove,pizza-nove,Durrës,durres,ALB,"Rruga Pavaresia 13, Durrës, Albania",False,False,,restaurant,A taste that inspires!,"pizza, sendviç, soft drinks",ALL,2,0 ALL,0,,,9.0,26,41.30117798,19.49957634
680106367da3674dc5d3562f,Selene Bistro,selene-bistrodr,Durrës,durres,ALB,7GM6+3MR,False,False,,restaurant,Every bite is a taste to remember!,"pizza, dəniz məhsulları, səhər yeməyi",ALL,2,0 ALL,0,,,,,41.2827375,19.5116406
68527e4a858e5d056d653a37,Pizza & Snack Milano MS,pizza-snack-milano-ms,Durrës,durres,ALB,"Rruga Pavaresia, Durrës, Albania",False,False,,restaurant,"Fast food, lasting flavor!","pizza, sendviç, italyan",ALL,2,0 ALL,,,,,,41.31000176,19.48553689
68bfef3c21fc2e341ec44fad,Cote Crepes & Waffles,cote-crepes-waffles,Durrës,durres,ALB,Rruga e Plazhit Durres,False,False,,restaurant,Sweetness in every bite!,"blinçik, şirniyyatlar",ALL,1,0 ALL,0,,,,,41.3082508498706,19.48633555710279
687a071765144a9f791c528b,Pizzeri Restaurant Edoni,pizzeri-restaurant,Durrës,durres,ALB,8F6H+WC,False,False,,restaurant,Feels like home!,"pasta, pizza, Aralıq dənizi",ALL,1,0 ALL,0,,,,,41.3123125,19.4785625
67fc176c9955e1c05138724e,Fish and Chips Bridge Bar,fish-and-chips-bridge-bar,Durrës,durres,ALB,"Rruga Taulantia, Durrës, Albania",False,False,,restaurant,"Crispy, classic, delivered!","burger, stritfud",ALL,2,0 ALL,,,,,,41.3099556,19.4392076
68ca6b4cf8e57597152f5150,Restaurant Prince,restaurant-prince,Durrës,durres,ALB,"8F5M+QW Durrës, Albania",False,False,,restaurant,Flavors crafted for the soul!,"pasta, dəniz məhsulları",ALL,1,0 ALL,,,,,,41.3094375,19.4848125
681a1c162e110f859d0f0989,GlobArt Turkish Restaurant,glob-art-restaurant,Durrës,durres,ALB,"Rruga Pavaresia, Durrës, Albania",False,False,,restaurant,Treat your taste buds to something delightful!,"səhər yeməyi, stritfud",ALL,2,0 ALL,,,,9.6,18,41.30239487,19.49414444
67c1f06394e7b006fadb1305,Pizzeri Napitta,pizzeri-napitta,Durrës,durres,ALB,"Lagja 17,Rruga Naum Veqihaxhi",False,False,,restaurant,Pizza for everyone!,"pizza, stritfud, italyan",ALL,2,0 ALL,,,,,,41.32010174,19.46047497
684beeef069972ae41752e4a,Virginia Restaurant,virginia-restaurant,Durrës,durres,ALB,"Rruga Pavaresia, Durrës, Albania",False,False,,restaurant,Tradition and finesse in one order!,"pasta, dəniz məhsulları",ALL,2,0 ALL,,,,,,41.31386802,19.47499911
67d29eb7e2bf311876c27139,Mon Cheri,mon-cheridr,Durrës,durres,ALB,Rruga e Deshmoreve,False,False,,restaurant,Brew-tiful moments start here!,"kofe, un məmulatları",ALL,2,0 ALL,0,,,,,41.31847841,19.44823721
67bf66f18bb4c111519263ef,Pizzeri Gaxha,pizzeri-gaxha,Durrës,durres,ALB,8FCG+CVP,False,False,,restaurant,Pizza is always the answer!,"pizza, italyan, sendviç",ALL,1,0 ALL,0,,,9.4,91,41.3210875,19.4772031
